{
  "validation": {
    "f1": 0.8381821345034892,
    "precision": 0.7781207379226186,
    "recall": 0.9082910888600276,
    "accuracy": 0.7612991530981779,
    "roc_auc": 0.8492544910314036,
    "pr_auc": 0.9162451761888296,
    "threshold": 0.40201680086346014
  },
  "test": {
    "f1": 0.729791818780831,
    "precision": 0.6118792367187267,
    "recall": 0.9039971763875408,
    "accuracy": 0.6314191322936403,
    "roc_auc": 0.7923786940673136,
    "pr_auc": 0.8231255117927915,
    "threshold": 0.40201680086346014,
    "watch_threshold": 0.2613109205612491
  }
}